Date,pct_above_50dma,pct_above_200dma,valid_stocks_50dma,valid_stocks_200dma
2025-10-01,44%,61%,479.0,458.0
2025-10-03,49%,63%,479.0,458.0
2025-10-06,52%,63%,479.0,458.0
2025-10-07,55%,65%,479.0,460.0
2025-10-08,49%,63%,479.0,461.0
2025-10-09,53%,63%,479.0,461.0
2025-10-10,57%,64%,479.0,461.0
2025-10-13,54%,63%,479.0,461.0
2025-10-14,47%,61%,479.0,461.0
2025-10-15,54%,64%,479.0,461.0
2025-10-16,56%,66%,480.0,461.0
2025-10-17,53%,65%,480.0,461.0
2025-10-20,54%,66%,480.0,461.0
2025-10-21,58%,66%,480.0,461.0
2025-10-23,59%,67%,480.0,461.0
2025-10-24,58%,67%,480.0,461.0
2025-10-27,60%,68%,480.0,461.0
2025-10-28,57%,67%,481.0,461.0
2025-10-29,64%,71%,481.0,461.0
2025-10-30,63%,70%,481.0,461.0
2025-10-31,57%,68%,481.0,461.0
2025-11-03,61%,69%,481.0,461.0
2025-11-04,54%,66%,481.0,461.0
2025-11-06,46%,61%,481.0,461.0
2025-11-07,45%,61%,481.0,461.0
2025-11-10,46%,61%,481.0,461.0
2025-11-11,48%,62%,481.0,461.0
2025-11-12,52%,64%,481.0,461.0
2025-11-13,48%,62%,481.0,461.0
2025-11-14,47%,62%,481.0,462.0
2025-11-17,51%,64%,481.0,462.0
2025-11-18,47%,62%,481.0,462.0
2025-11-19,47%,62%,481.0,462.0
2025-11-20,47%,62%,481.0,462.0
2025-11-21,39%,57%,481.0,462.0
2025-11-24,38%,55%,481.0,462.0
2025-11-25,37%,55%,481.0,469.0
2025-11-26,44%,58%,481.0,469.0
2025-11-27,44%,57%,481.0,469.0
2025-11-28,43%,57%,482.0,469.0
2025-12-01,43%,57%,482.0,469.0
2025-12-02,41%,57%,482.0,469.0
2025-12-03,37%,55%,482.0,469.0
2025-12-04,39%,55%,482.0,469.0
2025-12-05,40%,54%,482.0,469.0
2025-12-08,29%,49%,482.0,469.0
2025-12-09,31%,50%,482.0,469.0
2025-12-10,29%,49%,482.0,469.0
2025-12-11,33%,50%,482.0,470.0
2025-12-12,37%,52%,482.0,470.0
2025-12-15,36%,53%,482.0,470.0
2025-12-16,34%,51%,483.0,470.0
2025-12-17,30%,49%,483.0,470.0
2025-12-18,28%,49%,483.0,470.0
2025-12-19,36%,51%,483.0,470.0
2025-12-22,40%,52%,483.0,470.0
2025-12-23,44%,53%,484.0,470.0
2025-12-24,41%,52%,485.0,470.0
2025-12-26,40%,53%,485.0,470.0
2025-12-29,39%,50%,485.0,470.0
2025-12-30,38%,48%,486.0,470.0
2025-12-31,44%,52%,486.0,470.0
2026-01-01,44%,53%,486.0,470.0
2026-01-02,52%,56%,486.0,470.0
2026-01-05,54%,56%,486.0,470.0
2026-01-06,51%,55%,486.0,470.0
2026-01-07,53%,55%,486.0,470.0
2026-01-08,39%,46%,486.0,470.0
2026-01-09,32%,43%,486.0,470.0
2026-01-12,31%,42%,486.0,470.0
2026-01-13,33%,43%,486.0,470.0
2026-01-14,36%,43%,486.0,470.0
2026-01-15,35%,42%,445.0,429.0
2026-01-16,34%,41%,446.0,429.0
2026-01-19,31%,38%,447.0,429.0
2026-01-20,19%,32%,447.0,429.0
2026-01-21,17%,31%,449.0,429.0
2026-01-22,22%,34%,449.0,429.0
2026-01-23,17%,30%,450.0,429.0
2026-01-27,21%,29%,450.0,429.0
2026-01-28,25%,33%,452.0,429.0
2026-01-29,24%,34%,453.0,429.0
2026-01-30,30%,35%,453.0,429.0
2026-02-02,24%,33%,453.0,429.0
2026-02-03,38%,39%,453.0,429.0
2026-02-04,42%,40%,453.0,429.0
2026-02-05,39%,38%,453.0,429.0
2026-02-06,42%,39%,453.0,429.0
2026-02-09,52%,43%,453.0,429.0
2026-02-10,54%,44%,453.0,429.0
2026-02-11,56%,44%,453.0,429.0
2026-02-12,51%,44%,453.0,429.0
2026-02-13,43%,40%,453.0,429.0
2026-02-16,46%,39%,453.0,429.0
2026-02-17,48%,40%,453.0,429.0
2026-02-18,52%,42%,453.0,430.0
2026-02-19,45%,38%,454.0,430.0
2026-02-20,47%,38%,454.0,430.0
2026-02-23,50%,39%,454.0,430.0
2026-02-24,46%,38%,454.0,430.0
2026-02-25,50%,41%,454.0,430.0
2026-02-26,50%,41%,454.0,430.0
2026-02-27,42%,37%,454.0,430.0
2026-03-02,35%,33%,455.0,430.0
2026-03-04,26%,29%,455.0,430.0
2026-03-05,31%,32%,455.0,430.0
2026-03-06,29%,30%,455.0,430.0
2026-03-09,22%,28%,455.0,430.0
2026-03-10,29%,30%,455.0,430.0
2026-03-11,26%,30%,455.0,430.0
2026-03-12,27%,29%,455.0,430.0
2026-03-13,18%,24%,455.0,431.0
2026-03-16,16%,24%,455.0,431.0
2026-03-17,20%,26%,455.0,431.0
2026-03-18,24%,28%,455.0,433.0
2026-03-19,17%,22%,455.0,433.0
2026-03-20,21%,23%,455.0,433.0
2026-03-23,11%,16%,455.0,433.0
2026-03-24,16%,20%,455.0,433.0
2026-03-25,22%,25%,455.0,433.0
2026-03-27,17%,21%,455.0,433.0
2026-03-30,14%,18%,455.0,433.0
2026-04-01,21%,22%,496.0,433.0
2026-04-02,21%,20%,496.0,433.0
2026-04-06,24%,22%,496.0,433.0
2026-04-07,25%,22%,496.0,433.0
2026-04-08,42%,30%,496.0,433.0
2026-04-09,43%,32%,496.0,434.0
2026-04-10,54%,34%,496.0,434.0
2026-04-13,49%,33%,496.0,434.0
2026-04-15,63%,37%,496.0,435.0
2026-04-16,70%,39%,496.0,435.0
2026-04-17,75%,40%,496.0,435.0
2026-04-20,73%,40%,496.0,435.0
2026-04-21,78%,43%,496.0,435.0
2026-04-22,77%,45%,496.0,435.0
2026-04-23,74%,43%,496.0,436.0
2026-04-24,68%,41%,496.0,436.0
2026-04-27,75%,44%,496.0,436.0
2026-04-28,73%,44%,496.0,436.0
2026-04-29,75%,44%,496.0,436.0
2026-04-30,73%,42%,496.0,436.0
2026-05-04,76%,45%,496.0,436.0
2026-05-05,75%,46%,496.0,436.0
2026-05-06,83%,51%,496.0,437.0
2026-05-07,85%,54%,496.0,437.0
2026-05-08,83%,53%,496.0,437.0
2026-05-11,78%,49%,496.0,437.0
2026-05-12,66%,40%,496.0,437.0
2026-05-13,68%,42%,496.0,438.0
2026-05-14,70%,43%,496.0,438.0
2026-05-15,69%,43%,496.0,438.0
2026-05-18,64%,38%,496.0,438.0
2026-05-19,67%,40%,496.0,438.0
2026-05-20,67%,39%,496.0,438.0
2026-05-21,68%,41%,496.0,438.0
2026-05-22,69%,42%,496.0,438.0
2026-05-25,75%,45%,496.0,438.0
2026-05-26,74%,46%,496.0,438.0
2026-05-27,74%,47%,496.0,438.0
2026-05-29,68%,43%,496.0,439.0
2026-06-01,60%,42%,496.0,439.0
2026-06-02,61%,43%,496.0,439.0
2026-06-03,58%,43%,496.0,439.0
2026-06-04,58%,44%,496.0,439.0
2026-06-05,56%,44%,496.0,439.0
2026-06-08,47%,40%,496.0,439.0
2026-06-09,52%,44%,496.0,440.0
2026-06-10,46%,42%,496.0,440.0
2026-06-11,41%,38%,496.0,440.0
2026-06-12,53%,46%,496.0,440.0
2026-06-15,61%,48%,496.0,440.0
2026-06-16,64%,50%,496.0,440.0
2026-06-17,66%,51%,496.0,440.0
2026-06-18,68%,53%,496.0,440.0
2026-06-19,66%,53%,496.0,440.0
2026-06-22,69%,55%,496.0,440.0
2026-06-23,63%,52%,496.0,440.0
2026-06-24,63%,53%,496.0,440.0
2026-06-25,60%,52%,496.0,440.0
2026-06-29,55%,49%,496.0,440.0
2026-06-30,57%,51%,496.0,440.0
2026-07-01,61%,54%,496.0,440.0
2026-07-02,64%,56%,496.0,440.0
2026-07-03,65%,56%,496.0,440.0
2026-07-06,65%,55%,496.0,440.0
2026-07-07,63%,55%,496.0,440.0
2026-07-08,51%,48%,496.0,440.0
2026-07-09,56%,51%,496.0,440.0
2026-07-10,65%,54%,496.0,441.0
2026-07-13,65%,56%,496.0,441.0
2026-07-14,61%,54%,496.0,441.0
2026-07-15,63%,55%,496.0,441.0
2026-07-16,64%,54%,496.0,441.0
2026-07-17,62%,54%,496.0,441.0
2026-07-20,64%,55%,496.0,441.0
2026-07-21,62%,56%,496.0,441.0
2026-07-22,59%,53%,496.0,441.0
2026-07-23,52%,51%,496.0,441.0
2026-07-24,52%,50%,496.0,441.0
2026-07-27,57%,52%,496.0,441.0
2026-07-28,56%,51%,496.0,442.0
2026-07-29,61%,55%,496.0,442.0
2026-07-30,56%,56%,496.0,442.0
2026-07-31,58%,56%,496.0,442.0
2026-08-03,66%,60%,496.0,442.0
2026-08-04,63%,59%,496.0,443.0
2026-08-05,65%,58%,496.0,444.0
2026-08-06,65%,59%,496.0,444.0
2026-08-07,64%,59%,496.0,444.0
2026-08-10,62%,60%,496.0,445.0
2026-08-11,60%,58%,496.0,445.0
2026-08-12,58%,58%,496.0,445.0
2026-08-13,58%,60%,496.0,445.0
2026-08-14,57%,58%,496.0,445.0
2026-08-17,56%,59%,496.0,445.0
2026-08-18,55%,57%,496.0,445.0
2026-08-19,51%,56%,496.0,445.0
2026-08-20,52%,58%,496.0,445.0
2026-08-21,51%,58%,496.0,445.0
2026-08-24,49%,59%,496.0,445.0
2026-08-25,51%,59%,496.0,445.0
2026-08-26,50%,60%,496.0,445.0
2026-08-27,49%,59%,496.0,446.0
2026-08-28,49%,59%,496.0,447.0
2026-08-31,47%,58%,496.0,447.0
2026-09-01,42%,56%,496.0,449.0
2026-09-02,40%,54%,496.0,449.0
2026-09-03,43%,55%,496.0,450.0
2026-09-04,43%,55%,496.0,450.0
2026-09-07,39%,54%,496.0,452.0
2026-09-08,41%,54%,496.0,453.0
2026-09-09,38%,52%,496.0,453.0
2026-09-10,38%,52%,496.0,453.0
2026-09-11,34%,51%,496.0,453.0
2026-09-15,25%,45%,496.0,453.0
2026-09-16,23%,45%,496.0,453.0
2026-09-17,25%,47%,496.0,453.0
2026-09-18,35%,50%,496.0,453.0
2026-09-21,33%,50%,496.0,453.0
2026-09-22,34%,50%,496.0,453.0
2026-09-23,39%,52%,496.0,453.0
2026-09-24,30%,47%,496.0,453.0
2026-09-25,29%,46%,497.0,453.0
2026-09-28,21%,43%,497.0,453.0
2026-09-29,18%,40%,497.0,453.0
2026-09-30,20%,41%,497.0,454.0
2026-10-01,17%,36%,497.0,454.0
2026-10-05,20%,37%,497.0,454.0
2026-10-06,24%,38%,497.0,454.0
2026-10-07,23%,37%,497.0,454.0
2026-10-08,14%,35%,497.0,454.0
